{"period": "2024-08", "source": "sentinel2", "parcel_count": 77, "city_mean": -0.11514612544377129, "city_median": -0.1152572242238871, "city_min": -0.18849662379970647, "city_max": -0.05379524793724384, "city_std": 0.03188284665093549, "high_veg_count": 0, "low_veg_count": 77}