{"period": "2023-06", "source": "sentinel2", "parcel_count": 77, "city_mean": -0.1058051948051948, "city_median": -0.1046, "city_min": -0.1895, "city_max": -0.0633, "city_std": 0.024082183281552535, "high_veg_count": 0, "low_veg_count": 77}