{"period":"2024-07","source":"sentinel2","parcel_count":77,"city_mean":-0.12325844155844155,"city_median":-0.1227,"city_min":-0.1932,"city_max":-0.0635,"city_std":0.03217606314707513,"high_veg_count":0,"low_veg_count":77}