{"period": "2024-05", "source": "sentinel2", "parcel_count": 77, "city_mean": -0.1336090909090909, "city_median": -0.1304, "city_min": -0.2204, "city_max": -0.0747, "city_std": 0.031228837810664434, "high_veg_count": 0, "low_veg_count": 77}