{"period": "2023-08", "source": "sentinel2", "parcel_count": 77, "city_mean": -0.11064025974025975, "city_median": -0.111, "city_min": -0.2035, "city_max": -0.0492, "city_std": 0.030596479242502896, "high_veg_count": 0, "low_veg_count": 77}