{"period": "2024-09", "source": "sentinel2", "parcel_count": 77, "city_mean": -0.14088276575291545, "city_median": -0.14148638773497854, "city_min": -0.20921590716240057, "city_max": -0.079433348407202, "city_std": 0.032016403266868776, "high_veg_count": 0, "low_veg_count": 77}