{"period": "2024-04", "source": "sentinel2", "parcel_count": 77, "city_mean": -0.09236493506493507, "city_median": -0.0931, "city_min": -0.1519, "city_max": -0.053, "city_std": 0.02182729318894705, "high_veg_count": 0, "low_veg_count": 77}