{"period": "2024-06", "source": "sentinel2", "parcel_count": 77, "city_mean": -0.12277142857142857, "city_median": -0.1223, "city_min": -0.2182, "city_max": -0.0592, "city_std": 0.033083450534188846, "high_veg_count": 0, "low_veg_count": 77}